nino12,nino3,nino34,nino4
23.22,24.23,25.58,27.78
25.36,25.15,25.57,26.93
26.08,26.35,26.43,27.28
25.34,26.7,26.96,27.5
23.82,25.92,26.59,27.73
22.03,25.46,26.61,27.71
20.86,24.57,26.19,27.79
19.9,24.11,25.99,27.82
19.52,24.09,26.22,28.25
19.54,23.68,25.82,28.17
20.47,23.94,25.86,28
21.77,24.19,25.79,27.78
23.98,25.33,26.33,27.72
25.76,25.83,26.18,27.69
25.95,26.65,26.83,27.84
25.07,26.91,27.27,28.1
23.7,26.22,27.16,28.11
22.74,25.93,27.16,28.11
21.51,25.07,26.62,27.91
20.61,24.66,26.54,28.12
20.2,24.59,26.51,28.23
20.92,24.55,26.4,28.25
21.51,24.66,26.35,28.1
21.98,24.52,26.01,27.73
23.54,24.82,25.86,27.5
25.07,25.61,26.14,27.59
25.71,26.46,26.76,27.9
24.96,26.62,27,27.82
23.71,26.27,27.25,28.2
22.38,25.84,27.16,28.03
21.14,25.19,26.91,28.03
20.09,24.17,26.02,27.55
19.88,23.97,25.73,27.54
20.2,23.81,25.79,27.77
21.26,24.01,25.86,27.88
22.18,24.14,25.71,27.62
23.84,24.63,25.79,27.5
25.02,25.17,25.75,27.23
24.9,25.6,25.95,27.2
24.65,26.62,27.1,27.78
23.34,26.25,27.33,28.27
22.65,26.06,27.21,28.06
21.56,25.12,26.65,28.06
20.63,24.65,26.48,28.06
19.86,24.43,26.41,28.07
20.09,23.97,25.96,27.89
20.95,23.94,25.88,27.92
22.11,24.05,25.89,27.98
23.62,24.25,25.64,27.66
24.86,24.94,25.7,27.42
25.56,25.63,25.85,27.31
24.72,26.41,26.83,27.86
24.53,26.23,27,28.2
22.46,25.67,26.96,28.15
21.07,24.48,26.22,27.94
19.9,23.76,25.82,27.8
19.81,23.76,25.62,27.48
20.29,23.7,25.49,27.4
21.29,23.74,25.33,27.4
22.22,24.03,25.45,27.49
24.06,24.81,25.87,27.62
25.75,25.85,26.39,27.68
25.92,26.45,26.66,27.61
25.12,26.68,26.9,27.51
23.27,26.02,26.77,27.7
22.27,25.8,26.92,27.77
20.59,24.73,26.37,27.59
19.86,24.24,26.06,27.54
19.44,24.08,25.84,27.5
19.78,24.01,25.9,27.75
20.33,24.06,26.01,27.96
21.49,24.13,25.83,27.61
23.01,24.33,25.63,27.26
24.52,24.89,25.56,27.14
25.21,25.7,26.13,27.53
24.27,25.99,26.59,27.63
23.49,25.62,26.78,28.1
22.3,25.81,27.25,28.23
21.46,25.16,26.88,28.11
20.75,24.77,26.71,28.2
20.95,24.88,26.73,28.3
21.84,25.16,26.85,28.41
22.71,25.22,26.8,28.4
23.4,25.44,26.81,28.34
24.66,25.8,26.93,28.16
26.41,26.57,27.22,28.57
26.91,27.32,27.78,28.53
25.69,27.61,28.27,28.64
24.36,27.43,28.62,29.03
22.66,26.96,28.67,29.29
22.61,26.96,28.64,29.31
22.06,26.58,28.42,29.23
22.47,26.97,28.5,29.28
23.16,27.07,28.68,29.48
23.93,27.27,28.74,29.53
25.27,27.71,29.07,29.6
26.95,28.15,28.99,29.32
28.55,28.84,29.19,29.28
27.73,28.28,28.57,29
26.23,28.32,28.69,29.01
24.62,27.72,28.69,29.18
23.35,27.18,28.61,29.46
22.04,25.86,27.48,28.75
20.87,24.9,26.76,28.37
20.21,24.49,26.43,28.18
20.68,24.33,26.2,28.06
21.06,24.05,25.95,28.14
22.55,24.34,25.83,27.99
24.36,25.02,26.03,27.99
26.01,26.09,26.58,28.01
26.31,26.72,27.02,28.2
25.31,26.91,27.4,28.18
23.84,26.06,27.03,28.12
22.74,25.89,27.02,27.81
21.8,24.97,26.46,27.74
20.73,24.43,26.18,27.81
20.3,24.19,25.93,27.84
20.81,24.07,25.8,27.67
21.38,23.95,25.52,27.47
22.87,24.16,25.56,27.61
24.29,24.57,25.58,27.69
26.5,25.73,26.03,27.75
26.4,26.43,26.63,27.88
25.29,26.88,27.2,28.07
24.16,26.36,27.15,28.21
22.59,25.8,27.08,28.1
22.04,25.14,26.7,28.12
21.25,24.91,26.63,28.05
21.29,25.15,26.72,28.13
21.7,25.27,26.9,28.38
22.51,25.34,26.9,28.59
22.96,25.2,26.77,28.51
24.7,25.69,26.87,28.32
26.09,26.3,26.99,28.24
26.4,27.14,27.58,28.53
25.49,27.55,28.18,28.9
24.41,26.97,28.03,29.06
23.14,26.51,27.92,28.89
21.76,25.35,26.96,28.44
20.48,24.68,26.71,28.5
20.13,24.49,26.42,28.33
21.03,24.5,26.31,28.3
21.73,24.37,26.06,28.16
22.53,24.66,26.22,28.14
24.01,24.97,26.13,27.91
25.5,25.61,26.21,27.68
26.12,26.4,26.73,27.92
25.49,27.33,27.87,28.57
24.13,26.82,27.88,28.86
22.15,25.75,27.29,28.66
20.87,24.66,26.65,28.43
19.75,24.29,26.55,28.54
19.94,24.43,26.24,28.08
20.55,24.3,26.08,28.11
21,24.09,25.74,27.81
21.93,24.32,25.83,27.74
23.5,24.79,26.12,28
25.23,25.66,26.27,27.95
25.67,26.57,26.86,28.05
25.13,27.17,27.54,28.27
24.29,26.63,27.49,28.43
23.01,26.37,27.48,28.43
21.43,25.66,27.21,28.52
20.17,24.89,26.85,28.31
20.25,24.66,26.58,28.32
21.45,24.45,26.32,28.5
22.23,24.74,26.43,28.52
22.62,24.8,26.44,28.31
24.57,25.25,26.47,28.21
26.1,26.12,26.75,28.26
27.3,27.17,27.26,28.43
26.38,27.79,28.03,28.72
25.14,27.35,28.26,29.35
23.42,26.41,27.55,28.61
21.72,25.84,27.51,28.83
20.91,25.28,27.08,28.69
20.67,25.19,26.94,28.64
21.2,25.29,27.02,28.57
22.37,25.46,26.95,28.45
23.64,25.7,26.93,28.4
24.97,25.82,26.7,28.05
26.37,26.47,27.03,28.17
26.29,27.03,27.38,28.43
25.37,27.32,27.75,28.47
23.98,27.03,28.3,29.27
22.38,26.25,27.85,28.88
21.34,25.3,27.3,28.71
20.8,25.03,27.21,28.83
20.8,25.25,27.27,28.89
21.25,25.3,27.45,29.14
22.19,25.49,27.46,29.03
22.97,25.84,27.61,28.9
23.64,25.13,26.75,28.47
25.02,25.68,26.67,28.29
25.59,26.39,27.15,28.63
24.82,26.76,27.4,28.54
23.33,25.88,27.02,28.32
21.72,25.17,26.79,28.09
20.72,24.56,26.25,27.84
19.61,23.91,25.85,27.69
20.01,23.84,25.54,27.59
20.45,23.81,25.59,27.73
21.34,23.72,25.31,27.57
22.04,23.7,25.15,27.2
23.85,24.65,25.9,27.56
25.39,25.08,25.74,27.73
25.5,25.85,26.08,27.57
24.7,26.37,26.59,27.59
23.65,26.11,26.72,27.84
22.75,26.07,27.12,28.2
21.75,25.24,26.68,28.24
20.66,24.27,26.25,28.12
20.53,24.62,26.41,28.13
20.91,24.67,26.61,28.33
21.93,24.87,26.69,28.51
22.97,25.15,26.74,28.26
24.8,25.68,26.73,28.02
26.39,26.62,27.42,28.45
27.08,27.2,27.66,28.6
26.54,27.59,28.07,28.77
25.35,27.64,28.34,28.95
24.54,27.05,28.09,28.86
22.39,26.19,27.78,28.9
21.49,25.74,27.8,28.96
22.63,25.97,27.33,28.41
23.29,26.43,28.16,29.44
24.16,27.17,28.86,29.83
24.41,26.87,28.26,29.24
26.38,27.6,28.56,29.1
27.49,27.69,28.24,28.86
27.6,27.84,28.09,28.71
26.32,27.84,28.23,28.64
24.64,27.16,28.19,28.94
22.82,26.46,27.78,28.41
21.39,24.86,26.47,28.16
20.11,24.03,25.88,27.99
19.72,24.01,25.83,27.85
19.97,23.69,25.42,27.45
21.17,23.97,25.57,27.54
22.8,24.1,25.34,27.29
24.48,23.58,24.09,26.32
25.86,24.66,24.65,26.5
26.17,26.09,26.11,27.4
24.86,26.34,26.63,27.71
23.7,26,26.87,28.06
22.06,25.53,26.82,27.76
20.83,24.71,26.3,27.7
20.11,23.93,25.5,27.14
19.9,23.93,25.46,27.16
20.3,23.85,25.47,27.41
20.91,23.97,25.58,27.5
22.12,24.54,25.9,27.73
24.4,25.16,26.13,27.79
26.28,26.04,26.51,27.99
27.02,27.05,27.19,28.19
26.32,27.65,27.92,28.45
25.49,27.33,27.99,28.75
24.02,26.91,27.97,28.64
22.67,25.89,27.34,28.4
21.24,25.1,26.93,28.39
20.41,24.72,26.67,28.34
20.74,24.72,26.7,28.51
21.7,24.91,26.71,28.58
22.79,25.05,26.6,28.37
24.51,25.12,26.08,27.75
25.79,25.9,26.42,27.8
25.92,26.45,26.68,27.73
24.82,26.74,27.12,27.76
23.54,26.18,27.14,28.31
22.13,25.77,27.12,28.2
20.97,24.93,26.6,28.01
19.75,24.33,26.25,27.8
19.24,23.85,25.68,27.46
19.63,23.29,25.19,27.22
20.57,23.38,25.03,27.22
21.65,23.74,25.41,27.68
23.32,24.01,25.35,27.67
25.28,24.9,25.6,27.57
26.01,25.8,26.02,27.5
24.86,26.24,26.47,27.35
23.64,25.89,26.55,27.59
22.04,25.51,26.5,27.45
20.88,24.59,25.91,27.08
19.98,24.03,25.58,27.02
19.96,24,25.48,27.09
20.61,23.9,25.37,27.15
21.84,24.06,25.35,27.26
22.59,24.23,25.59,27.35
24.53,24.72,25.49,27.07
25.93,25.41,25.63,26.85
26.29,26.19,26.2,27.19
25.21,26.68,26.85,27.49
24.03,26.16,26.87,27.82
22.84,25.81,26.85,27.83
21.78,24.99,26.34,27.81
20.76,24.34,26.07,27.83
20.22,24.11,25.65,27.41
20.74,24.21,25.91,27.69
21.29,24.14,25.73,27.64
22.59,24.52,26.11,27.85
24.18,24.86,25.85,27.48
25.63,25.74,26.28,27.63
25.8,26.53,26.86,27.81
25.21,27.21,27.6,28.06
24.17,26.96,27.83,28.39
22.58,26.31,27.47,28.24
21.59,25.4,26.96,28.23
21.14,25.29,27.23,28.67
20.97,25.37,27.17,28.59
21.79,25.46,27.05,28.42
22.47,25.5,27.1,28.58
23.53,25.69,27.07,28.46
25.27,25.96,26.74,28.09
26.55,26.52,26.85,27.94
26.89,27.17,27.41,28.29
25.86,27.48,27.76,28.35
25.04,27.12,27.82,28.74
23.82,26.54,27.48,28.36
22.61,25.95,27.66,28.92
22.38,26.03,27.92,29.17
22.1,25.86,27.79,29.16
21.97,25.86,27.83,29.08
23.59,26.55,28.16,29.17
24.56,26.75,28.14,29.06
25.82,27.03,28.07,28.85
27.2,27.41,27.9,28.65
27.71,27.61,27.8,28.49
26.08,27.26,27.55,28.27
24.75,26.87,27.69,28.56
23.28,26.4,27.66,28.56
21.97,25.55,27.29,28.7
20.99,24.81,26.73,28.59
20.34,24.54,26.51,28.54
21.05,24.45,26.17,28.2
21.67,24.45,26.04,27.93
22.45,24.69,26.19,27.86
24.27,25.1,26.07,27.54
25.75,25.76,26.19,27.6
26.22,26.29,26.47,27.74
25.02,26.78,27.16,28.14
23.5,26.39,27.28,28.33
22.28,25.94,27.4,28.36
21.96,25.06,26.59,28.17
21.02,24.38,26.11,27.83
19.79,24.6,26.56,28.01
21.01,24.64,26.4,28.21
21.91,24.36,26,27.91
23.01,24.37,25.8,27.61
24.88,25.02,25.83,27.24
26.15,25.76,26.05,27.29
26.89,26.73,26.69,27.58
25.79,27.21,27.43,28.03
24.59,27.11,27.9,28.55
23.62,26.65,27.78,28.43
21.83,25.47,27.2,28.64
22.26,25.89,27.51,28.71
22.15,25.69,27.18,28.5
22.33,25.92,27.66,29.15
22.99,26.22,27.94,29.35
23.62,26.43,28.09,29.34
25.9,26.98,27.99,28.89
27.62,27.7,28.06,28.67
28.17,28.15,28.25,28.76
26.69,28.07,28.43,28.87
25.22,27.57,28.4,29.09
23.95,27.29,28.45,28.99
22.26,26.3,27.97,29
20.99,25.58,27.65,28.94
20.59,25.32,27.31,28.86
20.83,25.07,27.15,28.93
21.77,24.87,26.79,28.8
22.72,25.45,27.19,29
24.39,26.04,27.4,28.85
26.04,26.37,27.06,28.34
26.13,26.86,27.3,28.4
25.06,27.09,27.64,28.54
23.34,26.51,27.68,28.72
21.96,25.99,27.43,28.47
20.98,25.09,26.93,28.45
20.24,24.46,26.5,28.46
20.09,24.46,26.45,28.19
21.01,24.59,26.42,28.31
22.48,24.83,26.26,28.15
23.5,25.07,26.24,28.04
25.27,25.48,26.08,27.72
26.72,26.27,26.5,27.85
27.59,27.08,26.99,27.87
26.14,27.7,27.97,28.69
25.3,27.29,28.34,29.3
24.42,27.33,28.45,29.25
23.48,27.1,28.67,29.34
21.93,26.28,28.09,29.11
22.04,26.23,28.19,29.46
23.01,26.48,28.13,29.33
23.46,26.6,28.19,29.24
23.47,26.41,27.98,28.91
24.91,26.67,27.91,28.87
25.35,26.77,27.69,28.92
26.03,27.47,28.05,28.95
24.91,27.37,28.13,28.87
23.94,26.76,27.77,28.87
23.15,26.5,27.98,29.2
21.09,25.11,26.74,28.52
20,24.39,26.55,28.77
19.42,24.14,26.15,28.37
20.18,24.25,26.31,28.41
21.38,24.17,25.89,28.21
22.09,23.97,25.57,27.88
24.97,25.05,25.84,27.3
25.71,25.66,25.97,27.55
25.77,26.16,26.4,27.82
24.76,26.71,27.05,28.11
24.52,26.82,27.47,28.2
22.9,26.69,27.83,28.55
22.36,26.45,27.98,28.79
22.12,25.81,27.42,28.73
21.32,25.07,26.76,28.56
22.03,25.9,27.65,29.1
22.72,25.52,26.81,28.28
23.2,25.9,27.44,28.91
24.97,26.24,27.26,28.56
26.07,26.82,27.48,28.77
27.22,28.03,28.18,28.82
25.54,27.62,28.06,28.77
26.29,28.29,28.94,29.41
24.7,27.33,28.28,29.01
22.97,26.39,28.05,29.36
22.27,26.23,27.92,29.24
21.38,26.27,28.18,29.6
21.76,25.92,27.85,29.08
23.27,26.08,27.48,28.97
22.98,26.07,27.76,29
24.77,26.5,27.47,28.37
26.45,26.9,27.44,28.48
26.37,27.34,28.06,29.1
25.04,27.74,28.22,28.74
24.34,26.89,27.88,28.78
22.88,26.45,27.83,28.78
20.67,24.72,26.73,28.64
19.45,24.14,26.51,28.75
19.25,24,25.94,27.87
19.87,24.13,25.87,27.85
21.21,24.47,26.33,28.44
22.37,24.49,26.07,28.12
24.36,24.89,26.01,27.9
26.34,25.79,26.36,27.89
26.28,26.55,26.83,27.98
25.03,26.86,27.21,28.11
23.38,26.37,27.39,28.53
22.49,26.13,27.28,28.55
20.56,24.8,26.68,28.36
19.35,23.95,26.22,28.36
20.48,24.99,26.88,28.52
20.08,24.48,26.48,28.08
21.17,24.55,26.4,28.3
22.07,24.93,26.49,28.18
24.37,25.28,26.3,27.82
26.13,26.45,26.83,28.03
26.66,26.66,26.63,27.89
24.42,26.73,27.22,28.22
23.44,26.26,27.41,28.64
23.12,26.37,27.47,28.27
20.89,24.83,26.59,28.11
20.29,24.53,26.48,28.14
19.46,24.22,26.23,28.15
20.57,24.46,26.23,28.1
20.8,24.16,25.78,27.8
21.94,23.94,25.43,27.56
24.82,25.4,26.29,27.74
25.32,25.36,25.88,27.46
26.51,26.64,26.72,27.82
24.87,26.62,27.09,28.05
23.44,26.37,27.5,28.74
21.59,25.18,26.59,27.96
20.54,24.55,26.22,27.85
19.41,23.84,25.9,27.6
19.11,23.83,25.9,27.81
19.91,23.62,25.49,27.51
20.74,23.42,25.15,27.39
21.98,24.07,25.51,27.51
23.37,24.6,25.65,27.17
25.39,25.77,26.12,27.35
25.74,26.32,26.46,27.39
24.86,26.46,26.59,27.3
23.35,25.72,26.46,27.69
21.87,25.62,26.65,27.59
20.85,24.88,26.35,27.67
20.01,24.28,25.98,27.6
19.76,23.89,25.46,27.26
20.01,24.08,25.8,27.48
20.93,24.58,26.13,27.65
21.68,24.52,25.95,27.61
24,24.98,26.01,27.62
25.82,25.6,26.18,27.63
25.87,26.35,26.44,27.53
24.34,26.41,26.66,27.48
23.45,25.75,26.82,28.14
22.62,25.91,27.05,27.91
21.82,25.59,27.01,28.03
21.89,25.23,26.59,27.64
22.05,25.65,26.97,28.06
22.17,25.4,26.93,28.18
23.29,25.91,27.5,28.82
24.27,26.6,27.55,28.35
25.82,27.19,28.13,28.7
27.12,27.2,27.59,28.54
27.26,27.66,27.95,28.75
26.27,28,28.35,28.9
24.57,27.15,27.87,28.57
22.88,26.29,27.44,28.53
20.99,25.26,27.12,28.65
20.62,24.58,26.48,28.34
20.69,25.1,26.85,28.46
20.72,24.77,26.6,28.3
21.31,25.06,26.82,28.41
22.4,24.74,26.1,27.95
24.95,25.55,26.38,27.78
26.53,26.5,26.94,28.27
26.21,26.99,27.42,28.4
24.01,26.31,27,28.05
23.6,26.57,27.58,28.45
22.82,26.3,27.53,28.22
21.69,25.53,27.08,28.09
21.5,25.07,26.79,28.03
21.3,25.01,26.8,28.44
22.21,25.27,26.76,28.25
22.9,25.86,27.45,28.58
24.22,26.1,27.43,28.5
25.42,26.39,27.28,28.15
26.49,27.02,27.56,28.54
27.24,27.4,27.58,28.45
25.14,27.9,28.46,28.91
24.21,26.82,27.87,28.91
23.07,26.42,27.77,28.72
22.58,26.16,27.75,28.84
21.72,25.98,27.8,29.01
21.87,25.85,27.43,28.81
22.36,25.43,26.99,28.73
22.87,25.45,26.96,28.66
24.07,25.89,27.27,28.68
25.51,26.38,27.46,28.62
26.79,26.8,27.41,28.62
27.2,27.5,27.75,28.71
26.6,28.03,28.24,28.81
25.85,27.71,28.38,29.17
24.94,27.87,28.78,29.36
22.19,25.7,27.29,28.82
20.81,25.01,26.93,28.67
20.39,24.96,26.92,28.7
20.7,24.89,26.97,28.82
21.32,24.56,26.51,28.46
22.13,24.48,26.36,28.42
24.1,25.16,26.46,28.15
24.93,25.39,26.16,27.84
25.61,26.27,26.72,28.06
24.56,26.53,27.14,28.39
23.09,26.27,27.64,28.97
21.6,25.64,27.32,28.76
19.92,24.07,26.12,28.03
18.9,23.28,25.39,27.52
18.71,23.41,25.39,27.43
19.2,23.37,25.37,27.65
19.91,23.12,24.93,27.34
21.86,23.42,24.95,27.43
23.75,23.96,25.02,27.27
25.17,24.75,25.56,27.53
25.81,26.13,26.62,27.72
25.6,27.12,27.48,27.96
24.42,26.92,27.57,28.12
22.95,26.6,27.65,28.2
22.59,25.85,27.18,28.24
21.3,25.31,27.03,28.27
20.54,24.99,26.73,28.15
20.76,24.86,26.77,28.36
21.42,24.52,26.23,28.02
21.83,24.11,25.87,27.84
23.82,24.54,25.74,27.56
25.72,25.4,25.94,27.49
26.54,26.27,26.3,27.68
26.35,27.09,27.21,27.95
25.8,27.2,27.7,28.37
25.01,27.25,28.06,28.69
23.78,26.15,27.15,28.44
22.64,25.6,27,28.56
22.34,25.62,27.16,28.8
22.85,26.04,27.66,29.04
23.54,26.38,27.89,29.06
24.34,26.55,27.89,28.94
25.85,27.06,28.18,29
26.88,27.36,28,28.76
27,27.7,28.16,28.99
26.22,27.98,28.46,29.07
25.33,27.72,28.49,29.35
23.87,27.13,28.29,29.09
22.16,26.07,27.63,28.78
20.92,25.59,27.5,28.88
21.07,25.43,27.26,28.73
21.26,25.03,26.87,28.42
21.48,24.52,26.29,27.97
23.08,25.33,26.93,28.48
25.61,26.3,27.22,28.28
26.97,26.97,27.37,28.21
26.95,27.61,27.79,28.42
25.79,27.54,27.61,28.34
24.63,27.09,27.66,28.77
22.64,26.66,27.98,28.95
20.3,25.24,27.37,28.88
20.29,24.98,27.01,28.72
19.98,24.97,27.02,28.72
19.97,24.86,27.22,29.1
21.68,24.82,26.57,28.37
22.85,25.26,26.57,27.92
24.28,25.86,27.01,28.07
25.73,26.07,26.25,27.54
26.2,25.97,25.84,27.27
24.8,26.83,27.22,28.14
23.83,26.17,26.94,28.05
22.37,26.29,27.47,28.19
21.2,25.34,26.95,28.32
19.88,24.4,26.59,28.51
19.41,24.52,26.58,28.26
20.69,24.91,26.77,28.47
21.49,24.08,25.62,27.94
22.36,24.36,26.09,28.28
23.91,24.87,26.04,27.79
26.68,26.27,26.69,28.14
26.42,26.98,27.33,28.33
25.41,26.98,27.23,28.1
24.09,26.94,28.09,28.82
21.99,25.82,27.25,28.35
20.7,24.8,26.78,28.66
19.74,23.81,26.09,28.25
19.4,24.14,26.38,28.27
20.22,24.53,26.48,28.19
20.48,24.18,26.34,28.33
21.81,24.41,26.06,27.79
24.65,25.11,26.17,27.9
26.25,25.61,26,27.77
26.16,26.05,26.41,28.06
26.16,26.92,27.22,28.47
24.33,26.8,27.62,28.61
23.77,26.41,27.54,28.53
22.59,25.68,27.03,28.34
20.78,25.07,27.07,28.56
20.75,25.45,27.4,28.8
20.91,25.35,27.52,29.05
21.85,25.48,27.52,29.12
22.97,25.87,27.6,28.78
24.09,25.55,27.04,28.37
25.72,26.51,27.39,28.29
25.49,27.07,27.65,28.54
24.75,27.13,27.75,28.43
22.87,25.92,27.02,28.29
21.96,25.55,27.02,28.49
20.84,24.55,26.25,28.22
19.96,24.2,26.09,27.92
19.58,23.95,25.89,27.9
20.38,24.52,26.28,27.95
21.05,24.02,25.56,27.54
22.01,24.33,25.93,27.97
24.02,24.66,25.55,27.17
26.96,26.26,26.29,27.3
27.49,26.98,26.73,27.55
26.56,27.25,27.25,27.98
24.81,26.85,27.47,28.36
24.23,26.79,27.51,28.15
22.78,26.4,27.73,28.73
21.97,25.86,27.55,28.79
21.57,25.73,27.52,28.89
22.03,25.76,27.58,28.98
22.8,25.82,27.66,29.17
24.21,26.65,28.19,29.21
26.15,27.07,28.1,28.76
27,27.43,28.06,28.85
27.45,28.27,28.44,28.98
26.47,28.55,28.78,28.91
24.76,27.88,28.69,29.33
23.08,26.99,28.29,29.17
22.34,26.29,27.86,28.94
20.55,25.09,27.03,28.71
20.33,24.67,26.68,28.66
20.94,24.69,26.34,28.29
21.52,24.69,26.38,28.09
22.78,25.03,26.36,28.09
24.78,25.63,26.68,28.15
26.39,26.68,27,28.22
26.56,26.93,27.08,27.95
25.28,27.15,27.5,28.42
24.09,26.46,27.28,28.29
22.6,26.19,27.54,28.54
21.23,25.13,26.92,28.52
20.69,24.8,26.78,28.59
20.4,24.88,26.6,28.4
20.61,25.06,27,28.59
21.83,24.89,26.61,28.37
22.57,25.1,26.84,28.58
24.28,25.73,27.05,28.52
26.08,26.38,26.97,28.34
26.78,26.91,27.01,28.29
25.46,27.14,27.55,28.53
24.12,26.78,27.83,28.85
22.32,25.92,27.43,28.72
20.97,25.34,27.25,28.53
20.4,24.61,26.59,28.52
19.86,24.69,26.62,28.4
20.27,24.65,26.61,28.41
21,24.55,26.49,28.46
21.96,24.94,26.56,28.06
23.95,25.25,26.43,27.83
26,26.26,26.69,27.91
26.67,26.99,27.11,28.13
26.24,27.57,27.62,28.34
24.71,27.05,27.7,28.53
23.47,26.59,27.81,28.8
21.78,25.45,27.21,28.81
20.85,25.05,26.98,28.59
20.97,25.29,27.05,28.62
20.92,25.19,27.13,28.73
21.65,25.09,26.84,28.68
22.56,25.54,27.22,28.87
23.89,25.56,26.93,28.66
26.01,26.3,27.15,28.62
26.66,27.13,27.55,28.73
26.33,27.78,28.18,28.9
24.73,26.94,27.83,28.72
23.56,26.68,27.95,28.89
22.6,26.36,27.86,29
21.89,25.93,27.56,28.75
21.79,26.21,28.04,29.14
22.81,26.31,27.87,29.1
23.34,26.78,28.44,29.42
24.33,26.7,28,28.96
25.91,27.16,28.07,28.9
27.01,27.53,28.1,29.07
27.32,28.27,28.44,28.72
26.27,28.35,28.73,28.93
24.29,27.42,28.49,29.27
22.8,26.59,28.16,29.3
22.05,25.88,27.63,29.07
20.65,24.83,27.02,28.91
20.35,24.4,26.33,28.3
21.12,24.85,26.51,28.31
21.54,24.51,26.38,28.49
22.67,24.75,26.31,28.09
25.33,25.34,26.16,27.79
27.24,26.33,26.57,27.81
27.55,27.44,27.51,28.36
26.21,27.73,28.02,28.37
25.85,27.51,28.14,28.74
24.39,26.88,27.87,28.63
22.69,25.66,27.11,28.27
21.41,25.17,26.97,28.49
20.55,24.85,26.77,28.47
21.28,24.85,26.75,28.54
21.48,24.74,26.61,28.45
22.61,24.71,26.18,28
24.05,25.3,26.36,28.1
26.47,26.3,26.68,27.9
26.82,26.93,27.05,28.08
25.54,27.44,27.78,28.32
23.73,26.55,27.46,28.3
22.67,25.71,26.83,27.95
20.83,24.89,26.56,28.15
20.31,24.15,25.93,27.83
20.06,24.2,25.98,27.72
20.43,23.96,25.63,27.45
21.56,23.95,25.59,27.7
22.35,24,25.38,27.3
24.36,24.93,25.64,27.13
25.58,25.66,25.89,27.19
26.79,26.44,26.31,27.23
25.89,27.38,27.35,27.91
24.54,26.63,27.37,28.12
23.64,26.27,27.35,28.25
21.22,25.13,26.8,28.12
21.38,24.84,26.55,27.9
20.88,24.76,26.23,27.96
20.53,24.7,26.48,28.09
21.12,24.93,26.54,28.2
21.84,24.71,26.34,28.07
23.67,25.06,26.26,27.81
24.51,25.7,26.57,28.01
26.26,26.79,26.98,27.94
26.17,27.36,27.45,28
24.51,26.68,27.32,28.12
22.63,25.91,27.28,28.25
21.04,24.77,26.58,28.14
20.77,25,26.93,28.57
20.99,25.08,26.83,28.51
20.93,25,27.01,28.74
21.99,25.27,26.94,28.61
23.1,25.18,26.55,28.32
24.27,26.14,27.32,28.32
26.52,26.72,27.25,28.31
26.63,26.98,27.26,28.31
25.89,27.62,28.06,28.71
24.61,26.69,27.8,29.15
22.67,25.89,27.33,28.57
21.72,25.28,26.88,28.49
20.58,24.65,26.55,28.44
20.89,24.9,26.65,28.49
21.54,25.36,27.12,28.77
21.84,25.01,26.62,28.35
22.37,25.59,27.22,28.74
24.78,25.42,26.27,28.04
26.32,26.56,27.06,28.38
26.1,26.88,27.51,28.84
25.72,27.6,27.98,28.48
23.55,26.37,27.44,28.61
22.29,26.05,27.39,28.38
21.59,25.53,27.32,28.77
20.52,24.59,26.67,28.53
20.41,25.18,26.93,28.42
20.48,24.67,26.63,28.46
20.81,24.94,26.87,28.67
22.08,25.2,26.8,28.15
23.63,25.21,26.37,28
25.37,26.36,26.99,28.03
26.11,26.84,27.2,28.26
24.18,27.14,27.86,28.27
24.36,26.7,27.53,28.29
21.59,25.25,26.8,28.07
19.5,24.03,26.24,28.11
19.72,23.96,26.07,27.85
20.13,24.31,26.47,28.32
20.91,24.22,25.98,27.83
21.41,24.11,25.93,27.98
21.69,24.08,25.79,27.86
24.44,24.89,25.91,27.67
26.07,25.44,25.81,27.48
26.38,26.16,26.41,27.8
25.47,27.16,27.5,28.3
24.89,26.9,27.61,28.62
23.4,26.71,27.74,28.47
21.86,25.72,27.48,28.71
21.18,25.18,26.94,28.43
20.13,24.97,27.19,29.16
21.24,24.7,26.27,28
21.79,25.35,26.98,28.47
22.89,25.16,26.64,28.68
25.23,26.76,27.76,28.76
26.65,27.63,28.14,28.8
26.98,28.2,28.44,28.94
25.99,28.28,28.57,28.87
24.67,27.28,28.21,29.07
23.52,26.87,28.24,29.25
21.96,25.55,27.43,29.09
21.36,25.69,27.63,28.87
20.85,25.01,26.8,28.65
21.42,25.12,27.06,28.98
21.97,25.28,27.35,29.15
23.05,26.26,27.98,29.22
25.02,26.83,27.95,28.92
27.26,27.63,28.11,28.75
28.15,28.49,28.67,29.2
27.07,28.76,29.13,29.49
25.69,28.26,29.18,29.8
23.28,27.15,28.57,29.33
21.98,26.06,27.95,29.35
21.77,25.69,27.66,29.18
21.49,25.55,27.43,29.04
21.91,25.84,27.72,29.26
23.23,26.12,27.83,29.37
24.38,26.45,27.86,29.28
25.46,26.09,27.19,28.74
26.4,26.55,27.29,28.54
26.24,27.13,27.51,28.35
24.89,27.53,28.34,28.99
24.1,26.77,27.76,28.66
22.02,25.65,27.17,28.53
20.56,24.57,26.67,28.45
19.43,23.73,25.92,28.16
19.54,23.61,25.58,27.96
20,23.42,25.41,27.9
20.88,23.31,25.15,27.83
22.38,23.96,25.35,27.54
24.95,24.69,25.38,27.02
26.25,25.32,25.58,27.22
26.3,26.03,26.16,27.62
25.87,27.01,27.17,28.05
24.88,26.88,27.51,28.64
23.42,26.48,27.58,28.61
22.46,25.59,27.13,28.65
21.38,25.03,26.93,28.73
20.46,24.53,26.52,28.44
21.47,24.71,26.29,28.19
21.41,24.52,26.16,28.07
22.7,24.67,26.17,28.1
24.04,25.05,26.15,27.98
26.22,26.47,26.92,27.92
26.95,26.88,27.05,28.2
25.9,27.63,27.88,28.48
24.44,27.04,28,28.9
23.48,26.54,27.72,28.75
21.97,25.69,27.3,28.8
21.25,24.99,26.88,28.73
20.95,24.73,26.44,28.6
20.87,24.58,26.51,28.58
21.37,24.34,26.31,28.62
22.07,24.57,26.33,28.4
23.93,25.1,26.22,27.97
26.62,26.03,26.29,27.72
26.34,26.26,26.47,27.53
25.64,26.88,27.01,27.7
25,27,27.41,28.11
23.18,26.18,27.09,28.02
22.06,25.2,26.62,28.21
21.46,24.45,26.03,28.11
21.72,24.42,25.93,28.17
22.12,24.32,25.87,28.23
22.79,24.73,26.23,28.36
23.25,24.61,26.05,28.09
24.24,24.88,26.14,27.92
25.13,25.7,26.53,27.95
25.79,26.5,26.9,28.05
25.31,26.94,27.29,28.33
24.29,26.45,27.47,28.79
22.04,26.01,27.83,29.14
21.42,25.27,27.26,28.88
20.24,24.04,26.36,28.6
20.77,24.61,26.56,28.86
20.8,24.58,26.73,28.76
21.33,24.6,26.47,28.64
22.62,24.95,26.61,28.9
24.7,25.81,26.97,28.48
25.75,26.19,26.63,27.96
26.63,27.26,27.54,28.53
25.52,27.34,27.7,28.43
23.91,26.63,27.32,28.67
22.22,26.35,27.75,29.2
20.95,25.2,26.83,28.41
20.42,24.48,26.51,28.49
20.59,24.02,25.7,27.97
20.99,24.22,25.92,27.89
22,24.46,25.93,27.76
22.82,25.28,26.77,28.41
24.46,25.46,26.63,28.26
26.74,26.67,27.13,27.91
27.3,27.6,27.89,28.58
25.76,27.52,28.02,28.6
24.63,27.05,28.17,29.27
22.58,26.17,27.75,29.2
21.13,25.23,27.16,28.59
20.73,24.97,26.85,28.43
20.18,24.55,26.73,28.46
20.84,24.16,26.06,28.38
21.84,24.65,26.35,28.33
22.13,25.35,26.96,28.28
24.07,24.84,26.12,28.09
26.45,26.35,27.02,28.49
27.52,26.59,26.7,27.93
26.09,27.72,27.96,28.45
24.52,26.95,27.79,28.62
23.34,25.61,26.97,28.27
20.94,24.89,26.84,28.39
20.15,24.42,26.56,28.48
19.73,23.97,26.1,27.81
19.5,23.81,26.01,27.95
20.55,23.52,25.33,27.35
22.24,23.81,25.39,27.56
23.52,24.25,25.53,27.58
25.05,24.75,25.26,27
26.05,26.15,26.18,27.37
24.44,26.49,26.86,27.74
23.85,25.74,26.56,28.02
22.08,25.44,26.82,28.19
20.74,24.55,26.14,27.8
20.77,24.49,26.24,27.69
19.77,23.78,25.65,27.73
20.18,24.05,25.9,27.62
20.25,23.53,25.27,27.2
22.09,24.17,25.55,27.66
24.86,24.86,25.45,27.01
25.76,25.91,26.02,27.14
26.51,26.48,26.48,27.52
25.96,27.48,27.6,27.97
25.21,26.95,27.77,28.61
24.49,26.72,27.6,28.42
24.04,26.72,27.88,28.75
22.53,26.26,27.77,28.82
21.93,25.76,27.42,28.78
22.33,25.95,27.52,28.82
23.16,26,27.44,28.88
23.51,25.95,27.3,28.79
24.92,26.01,26.97,28.5
26.3,26.54,27,28.22
27.06,27.22,27.3,28.19
25.15,27.62,28.18,28.75
24.41,26.54,27.48,28.85
22.77,25.72,27.03,28.52
20.9,24.82,26.63,28.36
20.6,24.45,26.45,28.33
20.17,24.27,26.4,28.69
20.83,24.66,26.7,28.55
21.22,24.43,26.33,28.29
22.66,24.45,26.04,28.17
24.5,25.65,26.94,28.52
26.71,26.59,27,28.09
27.53,27.26,27.48,28.53
26.79,28.27,28.54,28.89
25.75,27.43,28.21,29.01
23.88,26.95,28.1,28.95
22.66,25.81,27.42,28.9
22.02,25.04,26.91,28.67
21.51,25.59,27.42,28.97
21.31,24.94,26.84,28.67
22.17,25.1,26.96,28.79
22.9,25.23,26.74,28.34
23.62,25.43,26.97,28.44
25.85,26.22,26.98,28.19
26.46,26.79,27.27,28.3
23.49,26.31,27.45,28.54
22.54,25.81,27.34,28.69
21.62,25.12,26.88,28.34
20.27,24.23,26.2,28.09
19.94,23.67,25.8,27.95
19.18,23.55,25.72,27.87
19.52,23.65,25.82,27.92
20.82,23.59,25.49,27.7
21.59,23.96,25.79,27.89
24.43,24.83,25.92,27.59
25.14,25.67,25.98,27.21
26.13,26.22,26.46,27.62
25.2,26.49,26.82,27.57
23.26,25.55,26.64,27.94
21.96,25.04,26.49,28
21.17,24.33,25.91,27.7
20.1,24.21,25.96,27.86
19.53,23.46,25.42,27.76
19.33,23.23,25.14,27.2
20.32,22.89,24.75,27.25
21.71,23.5,25.07,27.19
23.68,24.29,25.35,27.26
25.63,25.42,25.79,27.13
26.86,26.43,26.32,27.43
25.43,26.73,26.99,27.91
23.89,26.4,27.28,28.2
22.57,25.83,26.85,27.87
21.97,24.82,26.28,27.92
20.57,24.33,26.06,27.93
20.02,24.18,25.84,27.66
20.38,24.32,26.04,27.81
21,23.93,25.64,27.87
21.97,24.34,26.01,27.98
23.41,24.71,26.02,28.05
26.48,26.03,26.52,28.12
28.07,27.34,27.34,28.26
27.04,27.82,28.19,28.78
26.62,27.62,28.31,29.27
25.24,27.35,28.22,28.77
23.98,26.77,27.91,28.86
22.4,26.14,27.66,28.8
22.32,25.58,27.28,28.96
22.49,25.76,27.48,29.09
23.18,25.99,27.74,29.21
24.11,26.3,27.76,29.07
25.45,26.77,28.12,29.33
27.31,27.26,28.16,29.27
27.59,27.67,28.25,29.26
27.13,27.54,28.08,28.95
25.53,26.91,28.19,29.38
24.05,26.49,27.99,29.09
22.64,25.58,27.26,28.82
20.86,25.08,27.12,28.96
20.73,24.69,26.44,28.49
21.34,24.66,26.7,28.73
22.02,24.83,26.71,28.77
22.84,25.06,26.89,28.86
24.6,25.56,27.01,28.56
26.39,26.32,27.26,28.49
27.66,27.07,27.52,28.5
26.38,27.6,28.04,28.69
24.88,26.92,27.85,29.01
23.22,26.02,27.36,28.51
21.61,25.21,26.95,28.58
20.46,24.5,26.47,28.61
20.69,24.47,26.22,28.56
21,25.03,26.84,28.52
21.96,24.73,26.48,28.28
22.79,25,26.54,28.17
24.37,25.51,26.6,27.85
25.92,25.98,26.52,27.66
26.55,26.96,27.17,27.93
24.84,27.17,27.78,28.42
24.13,26.89,27.92,28.66
22.3,26.12,27.48,28.39
21.26,25.29,26.98,28.41
20.66,25.03,26.87,28.26
20.51,25.02,26.79,28.36
20.33,24.58,26.67,28.42
20.99,24.23,26.27,28.29
22.51,24.83,26.6,28.54
24.85,25.24,26.43,28
26.96,26.45,26.8,27.97
26.69,26.98,27.16,28.01
25.36,27.78,27.9,28.14
24.2,27.12,27.86,28.58
22.73,26.54,27.79,28.58
20.98,24.91,26.9,28.39
20.43,24.41,26.62,28.29
19.83,23.96,26.23,28.22
20.61,24,26.02,28.06
21.54,24.65,26.46,28.15
22.63,24.82,26.3,27.86
24.38,25.41,26.33,27.5
25.88,26.22,26.6,27.67
25.33,26.52,26.85,27.81
24,26.71,27.45,28.24
23.92,26.34,27.45,28.4
22.36,25.9,27.47,28.58
21.08,25.2,26.92,28.4
20.6,24.9,26.74,28.33
20.26,24.35,26.19,28.17
20.18,24.43,26.41,28.27
21.03,24.29,26.22,28.31
21.77,24.36,26.09,28.02
24.41,25.21,26.26,27.81
25.82,25.98,26.5,27.85
26.71,27.11,27.2,28.05
25.12,27.46,27.71,28.37
24.56,27.13,27.86,28.66
23.02,26.84,27.81,28.43
22.08,26.42,27.95,28.81
21.46,25.9,27.78,28.94
21.2,25.53,27.4,28.83
21.38,25.71,27.57,29.07
21.88,25.64,27.4,29.04
22.88,26.11,27.63,28.84
24.09,26.02,27.33,28.55
25.3,26.37,27.31,28.43
25.73,26.75,27.1,28.08
24.8,26.45,27.24,28.32
22.41,25.68,27.13,28.43
21.76,25.22,26.81,28.16
20.72,24.94,26.58,28.07
19.83,23.97,26.11,27.78
20.2,24.13,25.82,27.46
19.82,24.01,25.73,27.48
21.14,24.05,25.55,27.46
22.04,24.01,25.52,27.48
24.29,24.88,26.01,27.74
26.39,25.99,26.41,27.64
27.34,26.94,26.92,27.74
27.35,27.58,27.68,28.23
26.62,27.6,28.05,28.61
24.97,27.16,28.14,28.72
23.57,26.53,28.03,28.85
22.46,26.32,28.12,28.95
21.61,26.15,28.01,28.98
21.86,26.3,28.34,29.27
22.73,26.41,28.2,29.32
23.93,26.45,28.04,29.13
25.49,26.7,27.71,28.85
26.29,26.86,27.59,28.67
25.67,27.16,28.08,29.1
24.58,27.45,28.31,28.86
23.7,26.46,27.81,29.06
22.23,26.13,27.82,29.03
21.49,25.41,27.45,29.17
20.57,24.5,26.77,28.91
20.1,24.46,26.7,28.82
20.63,24.62,26.69,28.69
21.31,24.27,26.28,28.5
22.17,24.46,26.32,28.37
23.9,25.09,26.02,27.52
25.92,25.93,26.2,27.42
26.07,26.64,26.79,27.88
25.39,26.78,27.24,28.47
23.77,26.65,27.63,28.96
22.55,26.33,27.56,28.77
21.14,25.17,27.12,28.69
19.78,24.29,26.57,28.42
19.36,23.95,26.17,28.25
19.54,23.96,26.35,28.48
20.48,24.06,26.32,28.52
21.46,24.29,26.24,28.31
23.56,24.42,25.98,28.01
25.35,25.03,26.02,28.06
25.55,25.92,26.5,27.87
24.34,26.78,27.3,28.09
23.02,26.21,27.43,28.45
21.99,26.36,27.87,28.7
21.61,25.85,27.54,28.67
21.16,25.38,27.2,28.65
21.35,25.19,26.8,28.43
21.15,25.19,27.05,28.86
21.88,25.34,27.42,29.14
23.3,25.7,27.35,28.93
24.64,25.95,27.48,29.19
26.11,26.67,27.79,29.33
27.52,27.53,27.86,28.96
26.88,27.84,28.1,28.98
26.37,27.72,28.25,29.13
24.7,27.12,27.95,28.79
22.46,25.88,27.32,28.78
21.03,25.6,27.39,29.04
20.95,25.58,27.22,29.07
22.05,25.75,27.39,29.05
22.66,25.83,27.4,29.1
23.74,26.01,27.27,28.97
25.17,26.24,27.13,28.64
25.88,26.47,27.12,28.5
25.85,27.01,27.52,28.55
24.95,27.24,27.95,28.65
23.58,26.44,27.87,29.04
21.92,25.59,27.38,28.74
20.02,23.91,26.25,28.54
19.62,23.51,25.92,28.18
19.65,23.83,25.97,28.11
20.42,24.05,26.08,27.99
20.89,23.82,25.81,28.07
21.98,23.89,25.47,27.48
23.63,24.27,25.11,26.98
24.88,24.93,25.48,27.1
25.76,25.94,25.96,27.19
25.43,26.7,26.8,27.76
23.51,26.19,27.04,28.15
22.13,25.64,26.91,28.07
21.32,24.97,26.59,27.94
19.94,24.19,26.22,27.81
19.85,24.14,26,27.62
20.26,23.85,25.95,28.07
21.09,23.88,25.8,28.04
22.27,24,25.69,27.98
24.57,25.01,26,27.86
26.73,26.03,26.55,28.07
27.51,26.91,27,28.28
26.8,27.8,27.98,28.83
25.78,27.55,28.19,29.28
25.23,27.38,28.35,29.16
24.5,26.91,28.06,29.07
23.79,27.02,28.18,28.87
22.49,26.54,27.94,28.91
22.79,26.85,28.5,29.39
23.57,27.12,28.53,29.23
24.93,27.59,28.78,29.34
26.05,27.2,28.18,29.12
26.38,27.16,27.84,28.7
26.36,27.42,27.83,28.72
24.84,27.15,27.7,28.46
23.42,26.17,27.3,28.73
22.08,25.49,26.83,28.26
20.77,24.33,26.08,28.03
19.62,23.78,25.66,27.72
19.4,23.72,25.35,27.48
20.08,23.58,25.15,27.37
20.96,23.39,24.58,27.04
21.97,23.54,24.41,26.58
23.9,24,24.56,26.54
25.52,25.16,25.26,26.95
26.57,26.17,25.82,27.14
25.68,26.91,26.77,27.56
24.8,26.69,27.07,28.05
23.22,26.23,26.99,28.01
22,25.36,26.58,27.87
21,25.04,26.56,27.94
20.1,24.67,26.4,27.8
19.89,24.3,25.98,27.72
21.14,24.22,25.7,27.6
21.89,24.4,25.73,27.55
23.84,25.15,26.21,27.56
25.58,25.85,26.43,27.75
26.95,26.67,26.66,27.69
25.94,27.21,27.18,27.78
23.99,26.14,26.87,27.93
22.4,25.35,26.43,27.79
21.53,24.71,25.99,27.37
20.27,24.37,25.72,27.06
19.5,23.84,25.31,26.76
19.83,23.71,25.26,26.74
20.29,23.75,25.19,26.75
21.53,23.61,24.95,26.57
23.84,23.93,24.78,26.85
25.97,25.33,25.71,27.13
26.9,26.54,26.58,27.7
26.25,27.24,27.35,27.99
25.27,27,27.37,28.29
24.55,27.06,27.69,28.36
23.86,26.44,27.38,28.29
22.73,25.97,27.18,28.22
21.77,25.84,27.32,28.63
21.83,26.02,27.59,28.83
22.33,26.02,27.54,28.93
23.27,25.91,27.23,28.5
25.01,26.54,27.42,28.3
26.18,26.95,27.31,28.18
26.35,27.51,27.65,28.32
24.98,26.97,27.52,28.37
24,26.84,27.84,28.7
23.07,26.61,28.05,28.93
21.88,25.74,27.67,29.14
20.39,24.79,27.13,29.07
20.04,24.9,27.19,29.17
20.87,25.48,27.62,29.16
21.59,25.55,27.69,29.24
22.46,25.67,27.67,29.18
24.64,26.02,27.3,28.74
25.97,26.57,27.27,28.47
25.96,26.96,27.32,28.31
25.29,26.75,27.4,28.42
23.92,26.26,27.37,28.75
22.13,25.75,27.23,28.48
21.45,24.86,26.75,28.53
20.28,24.28,26.26,28.31
20.24,24.43,26.15,28.24
20.63,24.78,26.39,28.37
21.92,24.95,26.5,28.46
23.25,25.4,26.66,28.35
24.95,25.5,26.63,28.45
25.74,26.15,26.86,28.4
26.48,27.02,27.38,28.51
26.17,27.71,27.94,28.57
24.73,27.15,27.77,28.68
23.74,26.75,27.72,28.67
22.29,25.55,27.02,28.71
21.41,25.47,27.09,28.54
21.56,25.7,27.23,28.53
21.74,25.5,27.05,28.7
22,25.49,27,28.69
22.67,25.72,27.28,28.95
24.62,26.01,27.13,28.7
26.07,26.37,27.09,28.7
26.75,26.98,27.35,28.69
25.66,27.51,27.97,28.8
24.71,27.14,28,29.16
23.19,26.8,28.05,29.05
21.41,25.49,27.25,28.95
20.47,24.82,26.65,28.59
20.43,24.86,26.63,28.59
20.55,24.66,26.63,28.78
21.21,24.98,26.75,28.89
21.89,25.35,26.94,28.58
23.43,24.84,26.12,28.15
25.49,25.69,26.31,28.07
26.54,26.87,27.24,28.47
25.35,27.14,27.6,28.42
24.24,26.85,27.76,28.76
22.92,26.42,27.54,28.53
21.29,25.24,26.79,28.35
20.37,24.68,26.7,28.36
20.3,24.93,26.68,28.52
20.54,25.04,26.7,28.55
21.34,24.88,26.39,28.51
22.85,25.43,26.65,28.54
24.6,25.78,26.54,28.13
25.97,26.36,26.64,28.04
26.01,26.99,27.24,28.47
25.15,27.68,28.01,28.87
24.54,27.7,28.51,29.33
23.26,27.34,28.61,29.43
22.44,26.21,27.86,29
22,26.12,27.8,28.93
22.55,26.7,28.14,29.06
23.35,27.27,28.73,29.53
24.96,27.66,28.72,29.24
26.22,28.22,28.92,29.11
27.45,28.48,29.01,29.02
28.35,28.79,28.98,28.82
29.07,29.12,28.95,28.8
29.02,29.21,28.89,28.76
28.56,29.02,28.99,29.1
27.55,28.19,28.31,28.85
25.78,26.61,27.11,28.44
24.03,25.83,26.75,28.31
22.61,25.08,26.26,28.05
22.08,24.44,25.7,27.81
22.45,24.18,25.52,27.73
23.24,24.52,25.64,27.77
24.43,24.97,25.78,27.57
25.55,25.91,26.23,27.45
26.32,26.86,26.78,27.53
25.41,27.04,27.17,27.65
23.35,26.3,27.22,27.96
22.07,25.35,26.79,28.03
21.3,25,26.82,28.27
20.4,24.5,26.47,28.11
20.18,24.51,26.4,28.34
20.45,24.07,25.9,27.98
21.71,23.99,25.48,27.72
22.51,23.79,25.05,27.34
23.95,24.58,25.69,27.74
25.2,25.33,25.85,27.49
26.14,26.16,26.3,27.51
24.28,26.5,26.79,27.66
23.05,25.96,26.97,28.06
21.74,25.6,26.93,28.07
20.8,24.69,26.62,28.34
19.9,24.21,26.38,28.37
19.71,24.16,26.18,28.38
20.25,24.09,26.09,28.39
20.96,24.3,26.22,28.45
22.27,24.47,26.19,28.36
24.13,24.76,25.79,27.89
25.97,25.81,26.12,27.87
25.89,26.64,26.75,27.96
24.8,27.03,27.36,28.23
23.64,26.43,27.39,28.59
22.08,26.18,27.61,28.86
21.71,25.62,27.38,28.92
21.09,24.98,27.11,29
20.41,25.22,27.34,29.18
21.2,25.7,27.63,29.23
22.16,25.86,27.7,29.28
23.55,25.89,27.56,29.02
25.49,26.62,27.77,28.87
27.34,27.32,27.94,28.9
27.88,28.16,28.5,29.15
27.17,28.43,28.66,29.02
25.81,28.13,28.77,29.37
24.05,27.57,28.92,29.57
23.04,26.92,28.56,29.45
21.82,26.43,28.36,29.39
21.85,26.53,28.28,29.51
22.57,26.16,28.1,29.61
22.79,26.13,27.94,29.63
23.91,26.21,27.64,29.39
24.81,26.1,27.27,28.94
26.05,26.43,27.11,28.54
26.21,27.21,27.54,28.6
24.76,26.73,27.28,28.24
23.37,25.76,26.82,28.23
21.03,24.6,26.23,28.04
20.3,23.81,25.69,27.86
19.32,23.44,25.43,27.78
19.11,23.5,25.42,27.66
19.8,23.06,24.65,27.09
21.24,23.13,24.48,26.97
22.05,23.39,24.6,26.86
24.44,24.19,24.63,26.65
26.37,25.56,25.39,26.73
26.28,26.06,25.93,27.04
25.17,26.6,26.66,27.53
23.3,26.28,27.06,28.07
22.26,26.03,27.04,27.98
21.4,25.31,26.76,28.19
20.46,24.49,26.29,28.06
20.07,24.58,26.37,28.3
20.77,24.56,26.33,28.29
21.5,24.64,26.36,28.35
22.59,24.78,26.46,28.55
24.39,25.31,26.6,28.49
26.05,26.49,27.12,28.52
26.32,26.99,27.46,28.73
25.33,27.62,28.03,28.79
24.23,27.3,28.19,29.05
22.94,26.46,27.69,28.91
20.97,25.5,27.37,29.05
20.31,25,27.05,29.03
20.26,25,26.87,28.95
20.33,24.86,26.86,29.1
21.33,24.85,26.73,28.99
22.58,25.11,26.9,29.09
24.63,25.76,27.09,28.93
26.23,26.38,27.08,28.69
26.73,27.11,27.36,28.72
24.98,27.38,27.98,29.05
24.45,27.44,28.3,29.37
23.23,27.13,28.34,29.4
22.45,26.33,27.84,29.27
20.92,25.29,27.3,29.18
20.7,25,26.98,28.99
21.49,25.57,27.64,29.39
22.52,26.01,27.79,29.32
23.47,26.46,28.2,29.27
25.08,26.97,28.19,28.92
26.76,27.56,28.39,28.97
27.64,28.3,28.76,29.15
27.38,28.8,29.18,29.27
26.29,28.44,29.13,29.53
23.7,26.9,28.22,29.2
21.79,25.57,27.5,29.16
20.67,24.66,26.73,28.83
20.04,24.54,26.61,28.79
20.8,24.58,26.39,28.7
21.64,24.69,26.51,28.73
22.7,24.89,26.63,28.74
24.75,25.52,26.86,28.74
26.53,26.59,27.18,28.56
27.26,27.47,27.73,28.66
26.49,28.4,28.68,29.02
25.59,28.12,28.79,29.33
23.86,27.08,28.33,29.23
22.16,25.72,27.55,29.16
21.12,25.01,27.04,28.99
20.66,24.98,27.01,29.07
21.39,25.13,27.09,29
21.66,25.08,26.94,29.05
22.73,25.14,26.77,28.82
24.65,25.54,26.61,28.46
25.99,26.06,26.6,28.13
25.6,26.75,27.19,28.39
24.44,27.05,27.8,28.75
23.55,26.85,28,29.08
22.4,26.43,27.96,29.18
21.03,25.21,27.38,29.37
20.02,24.81,27.4,29.47
20.49,24.91,27.15,29.26
21.71,25.55,27.63,29.46
22.47,25.83,27.79,29.56
23.7,26.09,27.8,29.36
25.63,26.42,27.68,29.18
26.56,26.92,27.64,28.99
26.16,27.17,27.75,29.11
24.67,27.25,28.04,29.05
23.45,26.54,27.89,29.3
22.46,26.22,27.77,29.24
21.59,25.49,27.26,29.02
20.39,24.42,26.5,28.72
20.26,24.2,26.18,28.6
20.65,24.2,26.01,28.39
21.62,24.23,25.87,28.32
22.33,24.41,25.86,28.21
24.11,25,25.93,27.91
26,25.82,26.1,27.79
26.66,26.82,26.78,28.09
24.39,26.93,27.43,28.32
23.64,26.53,27.46,28.59
21.92,26.11,27.57,28.78
20.87,25.33,27.08,28.59
20.46,24.72,26.58,28.39
20.01,24.56,26.41,28.43
20.26,24.53,26.46,28.49
21.09,24.49,26.35,28.54
21.99,24.35,26.16,28.48
24.16,24.88,26.15,28.36
26.29,25.96,26.53,28.29
27.55,27.17,27.19,28.49
26.64,27.76,28.11,29.04
26.62,28.13,28.74,29.48
26.16,28.13,28.84,29.34
25.47,27.85,28.83,29.49
24.89,27.75,28.81,29.44
24.59,27.74,28.85,29.55
25.06,28.04,29.02,29.51
26,28.19,29.08,29.56
27.28,28.39,28.89,29.23
28.27,28.61,29,29.17
29.2,28.85,28.84,28.94
29.61,29.14,28.75,28.8
28.66,28.98,28.67,28.73
27.47,28.31,28.55,29
24.99,26.54,27.3,28.55
23.15,25.41,26.49,28.33
21.85,24.73,26.04,28.04
20.85,24.44,25.93,27.99
21.18,24.19,25.54,27.66
21.67,24.27,25.43,27.52
22.88,24.15,25.08,27.21
24.49,24.61,25.05,26.77
26.37,25.58,25.35,26.66
27.02,26.74,26.34,27.27
24.88,26.85,26.96,27.62
24.03,26.48,26.99,27.97
22.44,25.76,26.74,28.04
21.2,24.94,26.39,27.96
20.4,24.26,25.89,27.76
19.57,23.96,25.91,27.93
20.3,23.77,25.7,27.84
20.78,23.55,25.24,27.57
21.95,23.68,25.04,27.24
23.83,23.87,24.79,26.91
25.85,25.2,25.23,26.71
26.17,26.28,26,26.95
26.12,27.18,26.97,27.4
24.16,26.57,27.07,27.89
22.33,25.7,26.93,28.14
21.27,25,26.65,28.2
20.33,24.63,26.52,28.24
20.21,24.59,26.36,28.29
20.57,24.45,26.18,28.19
21.19,24.26,25.91,28.1
22.47,24.42,25.67,27.65
23.96,24.87,25.7,27.44
25.99,25.94,26.13,27.33
27.08,27.01,26.78,27.68
26.08,27.44,27.47,28.17
23.82,26.76,27.57,28.58
22.12,26.21,27.58,28.77
21.14,25.42,27.24,28.94
20.15,24.72,26.8,28.89
19.34,24.22,26.47,28.97
19.93,24.39,26.47,28.84
20.94,24.39,26.37,28.78
21.9,24.51,26.13,28.45
23.78,25.1,26.44,28.54
26.02,26.15,26.76,28.35
27.35,27.31,27.36,28.55
25.99,27.54,27.91,28.87
24.64,27.22,28.07,29.18
22.58,26.87,28.37,29.41
21.4,25.86,27.8,29.36
20.66,25.34,27.57,29.3
20.58,25.4,27.57,29.3
21.64,25.86,27.89,29.48
22.67,26.21,28.06,29.57
23.71,26.39,28,29.29
24.82,26.3,27.56,28.98
26.11,26.63,27.4,28.78
26.24,27.21,27.74,28.94
24.76,27.05,27.74,28.92
23.11,26.17,27.34,28.9
22.07,25.95,27.5,29.01
21.27,25.6,27.37,29.02
21,25.07,26.92,28.89
20.11,24.92,26.9,28.95
20.99,25.31,27.19,29.17
22.17,25.33,27.05,29.17
23.33,25.67,26.91,28.85
24.69,26.01,26.84,28.67
26.12,26.49,26.93,28.42
26.39,27.05,27.16,28.36
25.21,27.43,27.83,28.73
23.5,26.75,27.96,29.1
22.3,26.26,27.82,29.12
21.14,25.56,27.64,29.26
20.47,25.25,27.54,29.23
20.45,25.23,27.42,29.4
21.18,25.4,27.46,29.42
22.27,25.46,27.27,29.35
23.29,25.69,27.3,29.2
24.75,25.86,27.14,29.08
25.71,26.24,27.02,28.7
25.58,26.95,27.54,28.79
25.3,27.62,28.05,28.87
24.68,27.31,28.16,29.09
22.84,26.63,27.91,29.05
21.78,25.71,27.22,28.88
20.62,25.09,26.83,28.77
19.93,24.65,26.67,28.79
20.01,24.5,26.59,28.77
20.48,24.05,26.21,28.58
21.82,23.88,25.83,28.2
24.03,24.68,25.6,27.72
26.65,25.95,26.05,27.43
26.46,26.53,26.53,27.81
24.77,27.22,27.47,28.28
24.07,26.93,27.76,28.81
22.79,26.43,27.78,28.98
22.03,25.58,27.25,28.99
21.43,25.36,27.25,29.12
21.32,25.61,27.38,29.26
22.27,25.78,27.49,29.34
22.8,25.9,27.64,29.38
23.64,26.21,27.69,29.26
25.29,26.22,27.17,28.8
26.38,26.35,26.88,28.44
26.08,26.75,27.11,28.44
24.61,27.03,27.61,28.6
22.99,26.3,27.47,28.76
21.59,25.94,27.52,28.85
20.9,24.95,26.86,28.67
19.56,24.04,26.31,28.51
19.2,23.6,25.71,28.13
19.41,23.44,25.33,27.9
19.93,23.26,25.07,27.51
21.39,23.48,24.98,27.36
23.92,23.98,24.79,26.88
26.16,25.1,25.07,26.64
27.06,26.37,26.09,27.06
26.16,27.01,26.88,27.55
24.14,26.87,27.22,27.96
23.25,26.4,27.24,28.15
22.31,25.91,27.19,28.32
21.59,25.54,26.83,28.31
20.86,24.93,26.47,28.23
20.89,24.91,26.43,28.27
21.68,24.83,26.29,28.1
22.68,24.51,25.69,27.73
24.55,24.96,25.58,27.55
26.01,25.86,26.05,27.57
25.88,26.35,26.54,27.93
25.66,27.4,27.52,28.41
24.63,27.4,28.04,28.97
23.53,27.16,28.17,29.16
22.55,26.47,27.91,29.24
21.58,25.72,27.49,29.29
20.76,25.66,27.43,29.27
21.29,25.71,27.69,29.6
22.03,26.16,28.15,29.83
23.51,26.62,28.4,29.76
25.08,26.68,28,29.47
26.36,27.14,27.94,29.05
26.69,27.72,28.33,29.19
26.17,28.01,28.33,29.21
24.85,27.06,27.72,28.91
23.13,25.92,27.07,28.56
20.79,24.75,26.34,28.17
19.69,23.93,25.55,27.55
19.25,23.56,25.19,27.41
19.53,23.22,25.08,27.27
20.5,23.41,25.08,27.21
21.99,23.6,24.95,27.07
24.11,24.17,24.88,26.88
26.39,25.51,25.5,27.08
26.3,26.33,26.27,27.55
25.61,27.12,27.03,27.81
24.71,26.84,27.34,28.28
23.35,26.54,27.43,28.39
22.12,25.64,27,28.31
20.72,24.6,26.22,28.1
19.54,24.22,25.99,28.01
20.35,23.95,25.81,27.92
21.08,23.93,25.56,27.88
22.33,24.35,25.54,27.41
24.32,24.85,25.65,27.25
26.72,26.21,26.15,27.37
26.71,26.96,26.78,27.73
26.14,27.47,27.48,28.19
24.89,27.07,27.69,28.53
23.98,26.95,27.82,28.66
22.67,26.42,27.66,28.72
21.19,25.75,27.54,28.96
20.58,25.29,27.19,28.97
20.67,24.97,26.96,29
21.42,25.14,26.98,28.98
22.41,24.87,26.45,28.55
24.02,25,26.16,28.2
26,25.9,26.36,27.94
26.35,27.14,27.12,28.11
24.34,27.37,27.69,28.44
23.02,26.39,27.59,28.75
21.54,25.74,27.36,28.69
20.48,25.02,26.94,28.66
20.16,24.52,26.59,28.7
19.77,24.68,26.66,28.68
20.9,24.83,26.49,28.63
21.38,24.87,26.64,28.78
22.77,25.13,26.5,28.36
25.09,25.31,26.16,28.03
25.65,25.7,26.31,28.18
26.22,26.95,27.19,28.56
25.41,27.7,28.05,28.83
25.2,27.61,28.32,29.22
24.16,27.36,28.16,29.2
22.89,26.15,27.36,29.01
21.59,25.37,27.02,29
20.69,25.26,27.12,29.15
21.41,25.56,27.22,29.2
22.46,25.89,27.54,29.43
23.16,25.94,27.36,29.15
24.56,25.97,27.17,28.97
25.7,26.51,27.34,28.93
26.72,27.18,27.73,29.04
26.3,28.23,28.67,29.52
26.05,28.06,28.9,29.78
25.18,27.99,28.96,29.86
24.16,27.46,28.78,29.82
23,27.08,28.75,29.73
23.02,27.25,28.76,29.8
23.44,27.39,28.94,29.86
24.1,27.6,29.23,30.22
25.11,27.8,29.14,29.95
26.54,28.23,29.14,29.59
27.41,28.25,28.87,29.4
27.83,28.62,28.86,29.44
25.95,28.25,28.82,29.38
24.91,27.27,28.32,29.44
23.51,26.56,27.75,29.27
21.78,25.34,26.97,29.01
21.1,24.5,26.4,28.69
20.79,24.71,26.29,28.52
21.03,24.41,25.99,28.3
21.8,24.5,26.02,28.33
23.04,24.66,26.07,28.31
25.05,25.5,26.24,28.13
27.24,26.75,26.75,28.15
28.29,27.34,27.17,28.24
26.15,27.9,27.99,28.69
24.71,27.37,28.17,29.1
23.19,26.51,27.91,29.15
21.38,25.66,27.44,29.07
20.16,24.63,26.69,28.84
19.26,24.01,26.2,28.59
19.74,24.11,26.21,28.57
20.44,23.87,25.81,28.41
21.48,24.05,25.74,28.14
23.47,24.42,25.72,27.96
25.89,25.58,26.03,27.9
25.43,26.24,26.53,28.19
24.85,27.05,27.41,28.68
24,26.89,27.75,29.1
22.52,26.64,27.81,29.1
21.77,25.86,27.49,29.12
20.37,24.88,26.93,29.13
20.66,25.03,27.05,29.24
21.36,25.64,27.57,29.52
22.57,25.97,27.65,29.44
23.81,26.12,27.56,29.34
25.38,26.17,27.09,28.77
26.98,26.94,27.38,28.76
26.55,27.73,28.06,28.97
26.02,28.12,28.44,29.08
24.7,27.62,28.48,29.46
22.87,26.9,28.34,29.56
21.48,25.66,27.64,29.49
20.63,25.03,27.07,29.21
19.86,24.68,26.86,29.2
20.36,25.02,27.29,29.53
21.91,25.41,27.39,29.5
22.83,25.4,27.1,29.22
24.6,25.95,27.22,29.14
26.29,26.55,27.25,28.92
26.29,27.09,27.62,28.98
25.69,27.82,28.26,29.11
24.22,26.83,27.74,28.99
22.56,25.92,27.48,29
20.75,25.23,27.18,28.95
20.49,24.56,26.46,28.58
19.69,24.11,26.09,28.41
20.07,23.93,25.54,28.01
21.02,24.09,25.64,28.13
22.26,24.37,25.61,27.77
24.14,24.78,25.54,27.34
25.58,25.55,25.82,27.33
26.23,26.47,26.54,27.75
24.7,26.8,27.22,28.23
23.73,26.54,27.45,28.66
23.06,26.39,27.63,28.84
21.71,25.41,27.03,28.66
20.75,24.72,26.5,28.48
20.26,24.5,26.25,28.37
20.47,24.29,25.95,28.22
20.9,24.1,25.78,28.15
21.73,24.02,25.52,27.82
23.82,24.61,25.81,28.01
25.18,25.43,26.08,27.93
26.14,26.39,26.42,27.73
24.62,26.57,26.86,27.9
23.42,26.08,26.84,28.13
22.17,25.74,26.92,28.21
21.3,25.21,26.67,28.19
20.69,24.4,25.92,27.88
19.77,24.01,25.7,27.82
19.69,23.88,25.74,27.82
20.97,24.26,25.89,28.05
22.35,24.3,25.73,27.87
